,P,D,Rs,Rl,CPI,lrp,lrd,lpd,ret,TSpr,lrp_1,lrd_1,lpd_1,ret_1,TSpr_1,lrp_2,lrd_2,lpd_2,ret_2,TSpr_2,lrp_3,lrd_3,lpd_3,ret_3,TSpr_3
1870,4.44,,,,,,,,,,,,,,,,,,,,,,,,
1871,4.86,0.26,6.35,5.32,5.75,-0.169,-3.097,2.928,0.153,-1.03,,,,,,,,,,,,,,,
1872,5.11,0.30,7.81,5.36,5.84,-0.134,-2.969,2.835,0.113,-2.45,-0.169,-3.097,2.928,0.153,-1.03,,,,,,,,,,
1873,4.66,0.33,8.35,5.58,5.97,-0.248,-2.896,2.648,-0.023,-2.77,-0.134,-2.969,2.835,0.113,-2.45,-0.169,-3.097,2.928,0.153,-1.03,,,,,
1874,4.54,0.33,6.86,5.47,5.71,-0.229,-2.851,2.622,0.045,-1.39,-0.248,-2.896,2.648,-0.023,-2.77,-0.134,-2.969,2.835,0.113,-2.45,-0.169,-3.097,2.928,0.153,-1.03
1875,4.46,0.30,4.96,5.07,5.31,-0.175,-2.874,2.699,0.048,0.11,-0.229,-2.851,2.622,0.045,-1.39,-0.248,-2.896,2.648,-0.023,-2.77,-0.134,-2.969,2.835,0.113,-2.45
1876,3.55,0.30,5.33,4.59,5.01,-0.344,-2.815,2.471,-0.137,-0.74,-0.175,-2.874,2.699,0.048,0.11,-0.229,-2.851,2.622,0.045,-1.39,-0.248,-2.896,2.648,-0.023,-2.77
1877,3.25,0.19,5.03,4.45,5.05,-0.441,-3.280,2.839,-0.031,-0.58,-0.344,-2.815,2.471,-0.137,-0.74,-0.175,-2.874,2.699,0.048,0.11,-0.229,-2.851,2.622,0.045,-1.39
1878,3.58,0.18,4.90,4.34,4.26,-0.174,-3.164,2.990,0.157,-0.56,-0.441,-3.280,2.839,-0.031,-0.58,-0.344,-2.815,2.471,-0.137,-0.74,-0.175,-2.874,2.699,0.048,0.11
1879,5.11,0.20,4.25,4.22,3.82,0.291,-2.950,3.241,0.483,-0.03,-0.174,-3.164,2.990,0.157,-0.56,-0.441,-3.280,2.839,-0.031,-0.58,-0.344,-2.815,2.471,-0.137,-0.74
1880,6.19,0.26,5.10,4.02,4.61,0.295,-2.875,3.170,0.262,-1.08,0.291,-2.950,3.241,0.483,-0.03,-0.174,-3.164,2.990,0.157,-0.56,-0.441,-3.280,2.839,-0.031,-0.58
1881,5.92,0.32,4.79,3.70,4.35,0.309,-2.609,2.918,0.008,-1.09,0.295,-2.875,3.170,0.262,-1.08,0.291,-2.950,3.241,0.483,-0.03,-0.174,-3.164,2.990,0.157,-0.56
1882,5.81,0.32,5.26,3.62,4.70,0.212,-2.687,2.899,0.035,-1.64,0.309,-2.609,2.918,0.008,-1.09,0.295,-2.875,3.170,0.262,-1.08,0.291,-2.950,3.241,0.483,-0.03
1883,5.18,0.33,5.35,3.63,4.61,0.116,-2.637,2.753,-0.052,-1.72,0.212,-2.687,2.899,0.035,-1.64,0.309,-2.609,2.918,0.008,-1.09,0.295,-2.875,3.170,0.262,-1.08
1884,4.24,0.31,5.65,3.62,4.26,-0.005,-2.620,2.616,-0.122,-2.03,0.116,-2.637,2.753,-0.052,-1.72,0.212,-2.687,2.899,0.035,-1.64,0.309,-2.609,2.918,0.008,-1.09
1885,5.20,0.24,4.22,3.52,3.82,0.308,-2.767,3.076,0.283,-0.70,-0.005,-2.620,2.616,-0.122,-2.03,0.116,-2.637,2.753,-0.052,-1.72,0.212,-2.687,2.899,0.035,-1.64
1886,5.58,0.22,4.26,3.37,3.69,0.414,-2.819,3.233,0.115,-0.89,0.308,-2.767,3.076,0.283,-0.70,-0.005,-2.620,2.616,-0.122,-2.03,0.116,-2.637,2.753,-0.052,-1.72
1887,5.31,0.25,6.11,3.52,3.69,0.364,-2.691,3.056,-0.004,-2.59,0.414,-2.819,3.233,0.115,-0.89,0.308,-2.767,3.076,0.283,-0.70,-0.005,-2.620,2.616,-0.122,-2.03
1888,5.24,0.23,5.02,3.67,3.86,0.305,-2.821,3.126,0.030,-1.35,0.364,-2.691,3.056,-0.004,-2.59,0.414,-2.819,3.233,0.115,-0.89,0.308,-2.767,3.076,0.283,-0.70
1889,5.38,0.22,4.68,3.45,3.69,0.378,-2.819,3.197,0.069,-1.23,0.305,-2.821,3.126,0.030,-1.35,0.364,-2.691,3.056,-0.004,-2.59,0.414,-2.819,3.233,0.115,-0.89
1890,4.84,0.22,5.41,3.42,3.51,0.321,-2.771,3.091,-0.059,-1.99,0.378,-2.819,3.197,0.069,-1.23,0.305,-2.821,3.126,0.030,-1.35,0.364,-2.691,3.056,-0.004,-2.59
1891,5.51,0.22,5.97,3.62,3.60,0.425,-2.795,3.221,0.184,-2.35,0.321,-2.771,3.091,-0.059,-1.99,0.378,-2.819,3.197,0.069,-1.23,0.305,-2.821,3.126,0.030,-1.35
1892,5.61,0.24,3.93,3.60,3.38,0.506,-2.645,3.152,0.062,-0.33,0.425,-2.795,3.221,0.184,-2.35,0.321,-2.771,3.091,-0.059,-1.99,0.378,-2.819,3.197,0.069,-1.23
1893,4.32,0.25,8.52,3.75,3.64,0.170,-2.680,2.850,-0.185,-4.77,0.506,-2.645,3.152,0.062,-0.33,0.425,-2.795,3.221,0.184,-2.35,0.321,-2.771,3.091,-0.059,-1.99
1894,4.25,0.21,3.32,3.70,3.16,0.296,-2.712,3.008,0.032,0.38,0.170,-2.680,2.850,-0.185,-4.77,0.506,-2.645,3.152,0.062,-0.33,0.425,-2.795,3.221,0.184,-2.35
1895,4.27,0.19,3.09,3.46,3.03,0.343,-2.769,3.112,0.049,0.37,0.296,-2.712,3.008,0.032,0.38,0.170,-2.680,2.850,-0.185,-4.77,0.506,-2.645,3.152,0.062,-0.33
1896,4.22,0.18,5.76,3.60,3.07,0.317,-2.838,3.155,0.030,-2.16,0.343,-2.769,3.112,0.049,0.37,0.296,-2.712,3.008,0.032,0.38,0.170,-2.680,2.850,-0.185,-4.77
1897,4.88,0.18,3.44,3.40,2.99,0.491,-2.809,3.300,0.199,-0.04,0.317,-2.838,3.155,0.030,-2.16,0.343,-2.769,3.112,0.049,0.37,0.296,-2.712,3.008,0.032,0.38
1898,6.08,0.20,3.55,3.35,3.07,0.682,-2.732,3.414,0.287,-0.20,0.491,-2.809,3.300,0.199,-0.04,0.317,-2.838,3.155,0.030,-2.16,0.343,-2.769,3.112,0.049,0.37
1899,6.10,0.21,3.36,3.10,3.12,0.671,-2.698,3.369,0.038,-0.26,0.682,-2.732,3.414,0.287,-0.20,0.491,-2.809,3.300,0.199,-0.04,0.317,-2.838,3.155,0.030,-2.16
1900,7.07,0.30,4.64,3.15,3.64,0.663,-2.497,3.160,0.208,-1.49,0.671,-2.698,3.369,0.038,-0.26,0.682,-2.732,3.414,0.287,-0.20,0.491,-2.809,3.300,0.199,-0.04
1901,8.12,0.32,4.30,3.10,3.56,0.826,-2.408,3.234,0.194,-1.20,0.663,-2.497,3.160,0.208,-1.49,0.671,-2.698,3.369,0.038,-0.26,0.682,-2.732,3.414,0.287,-0.20
1902,8.46,0.33,4.72,3.18,3.64,0.842,-2.402,3.244,0.083,-1.54,0.826,-2.408,3.234,0.194,-1.20,0.663,-2.497,3.160,0.208,-1.49,0.671,-2.698,3.369,0.038,-0.26
1903,6.68,0.35,5.50,3.30,4.00,0.514,-2.435,2.949,-0.169,-2.20,0.842,-2.402,3.244,0.083,-1.54,0.826,-2.408,3.234,0.194,-1.20,0.663,-2.497,3.160,0.208,-1.49
1904,8.43,0.31,4.34,3.40,3.82,0.792,-2.511,3.303,0.308,-0.94,0.514,-2.435,2.949,-0.169,-2.20,0.842,-2.402,3.244,0.083,-1.54,0.826,-2.408,3.234,0.194,-1.20
1905,9.87,0.33,4.17,3.48,3.91,0.926,-2.472,3.398,0.210,-0.69,0.792,-2.511,3.303,0.308,-0.94,0.514,-2.435,2.949,-0.169,-2.20,0.842,-2.402,3.244,0.083,-1.54
1906,9.56,0.40,5.47,3.43,3.91,0.895,-2.279,3.174,0.009,-2.04,0.926,-2.472,3.398,0.210,-0.69,0.792,-2.511,3.303,0.308,-0.94,0.514,-2.435,2.949,-0.169,-2.20
1907,6.85,0.44,6.23,3.67,4.08,0.517,-2.228,2.745,-0.237,-2.56,0.895,-2.279,3.174,0.009,-2.04,0.926,-2.472,3.398,0.210,-0.69,0.792,-2.511,3.303,0.308,-0.94
1908,9.06,0.40,5.32,3.87,4.00,0.819,-2.302,3.120,0.381,-1.45,0.517,-2.228,2.745,-0.237,-2.56,0.895,-2.279,3.174,0.009,-2.04,0.926,-2.472,3.398,0.210,-0.69
1909,10.08,0.44,3.65,3.76,4.13,0.893,-2.239,3.132,0.161,0.11,0.819,-2.302,3.120,0.381,-1.45,0.517,-2.228,2.745,-0.237,-2.56,0.895,-2.279,3.174,0.009,-2.04
1910,9.27,0.47,5.26,3.91,4.57,0.708,-2.274,2.982,-0.034,-1.35,0.893,-2.239,3.132,0.161,0.11,0.819,-2.302,3.120,0.381,-1.45,0.517,-2.228,2.745,-0.237,-2.56
1911,9.12,0.47,4.00,3.98,4.26,0.761,-2.204,2.965,0.035,-0.02,0.708,-2.274,2.982,-0.034,-1.35,0.893,-2.239,3.132,0.161,0.11,0.819,-2.302,3.120,0.381,-1.45
1912,9.30,0.48,4.35,4.01,4.22,0.791,-2.173,2.964,0.072,-0.34,0.761,-2.204,2.965,0.035,-0.02,0.708,-2.274,2.982,-0.034,-1.35,0.893,-2.239,3.132,0.161,0.11
1913,8.37,0.48,5.65,4.45,4.52,0.616,-2.243,2.859,-0.048,-1.20,0.791,-2.173,2.964,0.072,-0.34,0.761,-2.204,2.965,0.035,-0.02,0.708,-2.274,2.982,-0.034,-1.35
1914,7.48,0.42,4.64,4.16,4.61,0.483,-2.397,2.880,-0.056,-0.48,0.616,-2.243,2.859,-0.048,-1.20,0.791,-2.173,2.964,0.072,-0.34,0.761,-2.204,2.965,0.035,-0.02
1915,9.33,0.43,3.65,4.24,4.66,0.694,-2.383,3.077,0.305,0.59,0.483,-2.397,2.880,-0.056,-0.48,0.616,-2.243,2.859,-0.048,-1.20,0.791,-2.173,2.964,0.072,-0.34
1916,9.57,0.56,3.64,4.05,4.80,0.690,-2.148,2.838,0.086,0.41,0.694,-2.383,3.077,0.305,0.59,0.483,-2.397,2.880,-0.056,-0.48,0.616,-2.243,2.859,-0.048,-1.20
1917,7.21,0.69,4.25,4.23,5.40,0.289,-2.057,2.347,-0.175,-0.02,0.690,-2.148,2.838,0.086,0.41,0.694,-2.383,3.077,0.305,0.59,0.483,-2.397,2.880,-0.056,-0.48
1918,7.85,0.57,5.98,4.57,6.46,0.195,-2.428,2.623,0.168,-1.41,0.289,-2.057,2.347,-0.175,-0.02,0.690,-2.148,2.838,0.086,0.41,0.694,-2.383,3.077,0.305,0.59
1919,8.83,0.53,5.56,4.50,7.61,0.148,-2.665,2.813,0.192,-1.06,0.195,-2.428,2.623,0.168,-1.41,0.289,-2.057,2.347,-0.175,-0.02,0.690,-2.148,2.838,0.086,0.41
1920,7.11,0.51,7.30,4.97,8.91,-0.225,-2.860,2.635,-0.137,-2.33,0.148,-2.665,2.813,0.192,-1.06,0.195,-2.428,2.623,0.168,-1.41,0.289,-2.057,2.347,-0.175,-0.02
1921,7.30,0.46,7.44,5.09,8.77,-0.183,-2.948,2.764,0.091,-2.35,-0.225,-2.860,2.635,-0.137,-2.33,0.148,-2.665,2.813,0.192,-1.06,0.195,-2.428,2.623,0.168,-1.41
1922,8.90,0.51,4.58,4.30,7.80,0.132,-2.727,2.859,0.289,-0.28,-0.183,-2.948,2.764,0.091,-2.35,-0.225,-2.860,2.635,-0.137,-2.33,0.148,-2.665,2.813,0.192,-1.06
1923,8.83,0.53,4.96,4.36,7.75,0.130,-2.683,2.813,0.052,-0.60,0.132,-2.727,2.859,0.289,-0.28,-0.183,-2.948,2.764,0.091,-2.35,-0.225,-2.860,2.635,-0.137,-2.33
1924,10.58,0.55,4.34,4.06,7.98,0.282,-2.675,2.957,0.260,-0.28,0.130,-2.683,2.813,0.052,-0.60,0.132,-2.727,2.859,0.289,-0.28,-0.183,-2.948,2.764,0.091,-2.35
1925,12.65,0.60,3.87,3.86,7.98,0.460,-2.588,3.048,0.252,-0.01,0.282,-2.675,2.957,0.260,-0.28,0.130,-2.683,2.813,0.052,-0.60,0.132,-2.727,2.859,0.289,-0.28
1926,13.40,0.69,4.28,3.68,8.26,0.484,-2.483,2.966,0.114,-0.60,0.460,-2.588,3.048,0.252,-0.01,0.282,-2.675,2.957,0.260,-0.28,0.130,-2.683,2.813,0.052,-0.60
1927,17.53,0.77,4.26,3.34,8.08,0.775,-2.350,3.125,0.366,-0.92,0.484,-2.483,2.966,0.114,-0.60,0.460,-2.588,3.048,0.252,-0.01,0.282,-2.675,2.957,0.260,-0.28
1928,24.86,0.85,4.64,3.33,7.98,1.136,-2.240,3.376,0.467,-1.31,0.775,-2.350,3.125,0.366,-0.92,0.484,-2.483,2.966,0.114,-0.60,0.460,-2.588,3.048,0.252,-0.01
1929,21.71,0.97,6.01,3.60,7.89,1.012,-2.096,3.108,-0.088,-2.41,1.136,-2.240,3.376,0.467,-1.31,0.775,-2.350,3.125,0.366,-0.92,0.484,-2.483,2.966,0.114,-0.60
1930,15.98,0.98,4.15,3.29,7.89,0.706,-2.086,2.792,-0.219,-0.86,1.012,-2.096,3.108,-0.088,-2.41,1.136,-2.240,3.376,0.467,-1.31,0.775,-2.350,3.125,0.366,-0.92
1931,8.30,0.82,2.43,3.34,7.34,0.123,-2.191,2.315,-0.429,0.91,0.706,-2.086,2.792,-0.219,-0.86,1.012,-2.096,3.108,-0.088,-2.41,1.136,-2.240,3.376,0.467,-1.31
1932,7.09,0.50,3.36,3.68,6.60,0.072,-2.580,2.652,-0.086,0.32,0.123,-2.191,2.315,-0.429,0.91,0.706,-2.086,2.792,-0.219,-0.86,1.012,-2.096,3.108,-0.088,-2.41
1933,10.54,0.44,1.46,3.31,5.95,0.571,-2.605,3.176,0.549,1.85,0.072,-2.580,2.652,-0.086,0.32,0.123,-2.191,2.315,-0.429,0.91,0.706,-2.086,2.792,-0.219,-0.86
1934,9.26,0.45,1.01,3.12,6.09,0.419,-2.605,3.024,-0.079,2.11,0.571,-2.605,3.176,0.549,1.85,0.072,-2.580,2.652,-0.086,0.32,0.123,-2.191,2.315,-0.429,0.91
1935,13.76,0.47,0.75,2.79,6.28,0.785,-2.592,3.377,0.537,2.04,0.419,-2.605,3.024,-0.079,2.11,0.571,-2.605,3.176,0.549,1.85,0.072,-2.580,2.652,-0.086,0.32
1936,17.59,0.72,0.75,2.65,6.37,1.016,-2.180,3.196,0.331,1.90,0.785,-2.592,3.377,0.537,2.04,0.419,-2.605,3.024,-0.079,2.11,0.571,-2.605,3.176,0.549,1.85
1937,11.31,0.80,0.88,2.68,6.51,0.553,-2.096,2.649,-0.312,1.80,1.016,-2.180,3.196,0.331,1.90,0.785,-2.592,3.377,0.537,2.04,0.419,-2.605,3.024,-0.079,2.11
1938,12.50,0.51,0.88,2.56,6.55,0.646,-2.553,3.199,0.150,1.68,0.553,-2.096,2.649,-0.312,1.80,1.016,-2.180,3.196,0.331,1.90,0.785,-2.592,3.377,0.537,2.04
1939,12.30,0.62,0.56,2.36,6.46,0.644,-2.344,2.988,0.034,1.80,0.646,-2.553,3.199,0.150,1.68,0.553,-2.096,2.649,-0.312,1.80,1.016,-2.180,3.196,0.331,1.90
1940,10.55,0.67,0.56,2.21,6.41,0.498,-2.259,2.757,-0.088,1.65,0.644,-2.344,2.988,0.034,1.80,0.646,-2.553,3.199,0.150,1.68,0.553,-2.096,2.649,-0.312,1.80
1941,8.93,0.71,0.53,1.95,6.51,0.317,-2.215,2.532,-0.086,1.42,0.498,-2.259,2.757,-0.088,1.65,0.644,-2.344,2.988,0.034,1.80,0.646,-2.553,3.199,0.150,1.68
1942,10.09,0.59,0.63,2.46,7.25,0.331,-2.508,2.839,0.196,1.83,0.317,-2.215,2.532,-0.086,1.42,0.498,-2.259,2.757,-0.088,1.65,0.644,-2.344,2.988,0.034,1.80
1943,11.85,0.61,0.69,2.47,7.80,0.418,-2.548,2.967,0.235,1.78,0.331,-2.508,2.839,0.196,1.83,0.317,-2.215,2.532,-0.086,1.42,0.498,-2.259,2.757,-0.088,1.65
1944,13.49,0.64,0.72,2.48,8.03,0.519,-2.529,3.048,0.192,1.76,0.418,-2.548,2.967,0.235,1.78,0.331,-2.508,2.839,0.196,1.83,0.317,-2.215,2.532,-0.086,1.42
1945,18.02,0.66,0.75,2.37,8.21,0.786,-2.521,3.307,0.385,1.62,0.519,-2.529,3.048,0.192,1.76,0.418,-2.548,2.967,0.235,1.78,0.331,-2.508,2.839,0.196,1.83
1946,15.21,0.71,0.76,2.19,8.40,0.594,-2.471,3.064,-0.117,1.43,0.786,-2.521,3.307,0.385,1.62,0.519,-2.529,3.048,0.192,1.76,0.418,-2.548,2.967,0.235,1.78
1947,14.83,0.84,1.01,2.25,9.92,0.402,-2.469,2.871,0.030,1.24,0.594,-2.471,3.064,-0.117,1.43,0.786,-2.521,3.307,0.385,1.62,0.519,-2.529,3.048,0.192,1.76
1948,15.36,0.93,1.35,2.44,10.94,0.340,-2.465,2.804,0.098,1.09,0.402,-2.469,2.871,0.030,1.24,0.594,-2.471,3.064,-0.117,1.43,0.786,-2.521,3.307,0.385,1.62
1949,16.88,1.14,1.58,2.31,11.08,0.421,-2.274,2.695,0.173,0.73,0.340,-2.465,2.804,0.098,1.09,0.402,-2.469,2.871,0.030,1.24,0.594,-2.471,3.064,-0.117,1.43
1950,21.21,1.47,1.32,2.32,10.85,0.671,-1.998,2.669,0.344,1.00,0.421,-2.274,2.695,0.173,0.73,0.340,-2.465,2.804,0.098,1.09,0.402,-2.469,2.871,0.030,1.24
1951,24.19,1.41,2.12,2.57,11.72,0.724,-2.118,2.842,0.207,0.45,0.671,-1.998,2.669,0.344,1.00,0.421,-2.274,2.695,0.173,0.73,0.340,-2.465,2.804,0.098,1.09
1952,26.18,1.41,2.39,2.68,12.23,0.761,-2.160,2.921,0.141,0.29,0.724,-2.118,2.842,0.207,0.45,0.671,-1.998,2.669,0.344,1.00,0.421,-2.274,2.695,0.173,0.73
1953,25.46,1.45,2.58,2.83,12.28,0.729,-2.136,2.866,0.028,0.25,0.761,-2.160,2.921,0.141,0.29,0.724,-2.118,2.842,0.207,0.45,0.671,-1.998,2.669,0.344,1.00
1954,35.60,1.54,1.80,2.48,12.41,1.054,-2.087,3.141,0.459,0.68,0.729,-2.136,2.866,0.028,0.25,0.761,-2.160,2.921,0.141,0.29,0.724,-2.118,2.842,0.207,0.45
1955,44.15,1.64,1.81,2.61,12.32,1.276,-2.017,3.293,0.286,0.80,1.054,-2.087,3.141,0.459,0.68,0.729,-2.136,2.866,0.028,0.25,0.761,-2.160,2.921,0.141,0.29
1956,45.43,1.74,3.21,2.90,12.37,1.301,-1.961,3.262,0.068,-0.31,1.276,-2.017,3.293,0.286,0.80,1.054,-2.087,3.141,0.459,0.68,0.729,-2.136,2.866,0.028,0.25
1957,41.12,1.79,3.86,3.46,12.74,1.172,-1.962,3.134,-0.055,-0.40,1.301,-1.961,3.262,0.068,-0.31,1.276,-2.017,3.293,0.286,0.80,1.054,-2.087,3.141,0.459,0.68
1958,55.62,1.75,2.54,3.09,13.20,1.438,-2.021,3.459,0.395,0.55,1.172,-1.962,3.134,-0.055,-0.40,1.301,-1.961,3.262,0.068,-0.31,1.276,-2.017,3.293,0.286,0.80
1959,58.03,1.83,3.74,4.02,13.38,1.467,-1.990,3.457,0.076,0.28,1.438,-2.021,3.459,0.395,0.55,1.172,-1.962,3.134,-0.055,-0.40,1.301,-1.961,3.262,0.068,-0.31
1960,59.72,1.95,4.28,4.72,13.52,1.485,-1.936,3.422,0.063,0.44,1.467,-1.990,3.457,0.076,0.28,1.438,-2.021,3.459,0.395,0.55,1.172,-1.962,3.134,-0.055,-0.40
1961,69.07,2.02,2.91,3.84,13.75,1.614,-1.918,3.532,0.190,0.93,1.485,-1.936,3.422,0.063,0.44,1.467,-1.990,3.457,0.076,0.28,1.438,-2.021,3.459,0.395,0.55
1962,65.06,2.13,3.39,4.08,13.84,1.547,-1.872,3.419,-0.027,0.69,1.614,-1.918,3.532,0.190,0.93,1.485,-1.936,3.422,0.063,0.44,1.467,-1.990,3.457,0.076,0.28
1963,76.45,2.28,3.50,3.83,14.03,1.695,-1.817,3.512,0.210,0.33,1.547,-1.872,3.419,-0.027,0.69,1.614,-1.918,3.532,0.190,0.93,1.485,-1.936,3.422,0.063,0.44
1964,86.12,2.50,4.09,4.17,14.26,1.798,-1.741,3.539,0.159,0.08,1.695,-1.817,3.512,0.210,0.33,1.547,-1.872,3.419,-0.027,0.69,1.614,-1.918,3.532,0.190,0.93
1965,93.32,2.72,4.46,4.19,14.40,1.869,-1.667,3.535,0.115,-0.27,1.798,-1.741,3.539,0.159,0.08,1.695,-1.817,3.512,0.210,0.33,1.547,-1.872,3.419,-0.027,0.69
1966,84.45,2.87,5.44,4.61,14.68,1.750,-1.632,3.382,-0.064,-0.83,1.869,-1.667,3.535,0.115,-0.27,1.798,-1.741,3.539,0.159,0.08,1.695,-1.817,3.512,0.210,0.33
1967,95.04,2.92,5.55,4.58,15.18,1.834,-1.649,3.483,0.160,-0.97,1.750,-1.632,3.382,-0.064,-0.83,1.869,-1.667,3.535,0.115,-0.27,1.798,-1.741,3.539,0.159,0.08
1968,102.04,3.07,6.17,5.53,15.74,1.869,-1.634,3.504,0.106,-0.64,1.834,-1.649,3.483,0.160,-0.97,1.750,-1.632,3.382,-0.064,-0.83,1.869,-1.667,3.535,0.115,-0.27
1969,90.31,3.16,8.05,6.04,16.43,1.704,-1.648,3.353,-0.084,-2.01,1.869,-1.634,3.504,0.106,-0.64,1.834,-1.649,3.483,0.160,-0.97,1.750,-1.632,3.382,-0.064,-0.83
1970,93.49,3.14,9.11,7.79,17.44,1.679,-1.715,3.394,0.070,-1.32,1.704,-1.648,3.353,-0.084,-2.01,1.869,-1.634,3.504,0.106,-0.64,1.834,-1.649,3.483,0.160,-0.97
1971,103.30,3.07,5.66,6.24,18.37,1.727,-1.789,3.516,0.138,0.58,1.679,-1.715,3.394,0.070,-1.32,1.704,-1.648,3.353,-0.084,-2.01,1.869,-1.634,3.504,0.106,-0.64
1972,118.42,3.15,4.62,5.95,18.97,1.832,-1.795,3.627,0.177,1.33,1.727,-1.789,3.516,0.138,0.58,1.679,-1.715,3.394,0.070,-1.32,1.704,-1.648,3.353,-0.084,-2.01
1973,96.11,3.38,7.93,6.46,19.66,1.587,-1.761,3.348,-0.160,-1.47,1.832,-1.795,3.627,0.177,1.33,1.727,-1.789,3.516,0.138,0.58,1.679,-1.715,3.394,0.070,-1.32
1974,72.56,3.60,11.03,6.99,21.51,1.216,-1.787,3.003,-0.208,-4.04,1.587,-1.761,3.348,-0.160,-1.47,1.832,-1.795,3.627,0.177,1.33,1.727,-1.789,3.516,0.138,0.58
1975,96.86,3.68,7.24,7.50,24.04,1.393,-1.877,3.270,0.386,0.26,1.216,-1.787,3.003,-0.208,-4.04,1.587,-1.761,3.348,-0.160,-1.47,1.832,-1.795,3.627,0.177,1.33
1976,103.81,4.05,5.70,7.74,25.66,1.398,-1.846,3.244,0.114,2.04,1.393,-1.877,3.270,0.386,0.26,1.216,-1.787,3.003,-0.208,-4.04,1.587,-1.761,3.348,-0.160,-1.47
1977,90.25,4.67,5.28,7.21,27.00,1.207,-1.755,2.961,-0.086,1.93,1.398,-1.846,3.244,0.114,2.04,1.393,-1.877,3.270,0.386,0.26,1.216,-1.787,3.003,-0.208,-4.04
1978,99.71,5.07,7.78,7.96,28.84,1.240,-1.739,2.979,0.161,0.18,1.207,-1.755,2.961,-0.086,1.93,1.398,-1.846,3.244,0.114,2.04,1.393,-1.877,3.270,0.386,0.26
1979,110.87,5.65,10.88,9.10,31.52,1.258,-1.719,2.977,0.169,-1.78,1.240,-1.739,2.979,0.161,0.18,1.207,-1.755,2.961,-0.086,1.93,1.398,-1.846,3.244,0.114,2.04
1980,132.97,6.16,11.37,10.80,35.90,1.309,-1.763,3.072,0.255,-0.57,1.258,-1.719,2.977,0.169,-1.78,1.240,-1.739,2.979,0.161,0.18,1.207,-1.755,2.961,-0.086,1.93
1981,117.28,6.63,17.63,12.57,40.15,1.072,-1.801,2.873,-0.068,-5.06,1.309,-1.763,3.072,0.255,-0.57,1.258,-1.719,2.977,0.169,-1.78,1.240,-1.739,2.979,0.161,0.18
1982,144.27,6.87,14.60,14.59,43.52,1.198,-1.846,3.045,0.289,-0.01,1.072,-1.801,2.873,-0.068,-5.06,1.309,-1.763,3.072,0.255,-0.57,1.258,-1.719,2.977,0.169,-1.78
1983,166.39,7.09,9.37,10.46,45.13,1.305,-1.851,3.156,0.202,1.09,1.198,-1.846,3.045,0.289,-0.01,1.072,-1.801,2.873,-0.068,-5.06,1.309,-1.763,3.072,0.255,-0.57
1984,171.61,7.53,11.11,11.67,47.03,1.295,-1.832,3.126,0.077,0.56,1.305,-1.851,3.156,0.202,1.09,1.198,-1.846,3.045,0.289,-0.01,1.072,-1.801,2.873,-0.068,-5.06
1985,208.19,7.90,8.35,11.38,48.69,1.453,-1.819,3.272,0.259,3.03,1.295,-1.832,3.126,0.077,0.56,1.305,-1.851,3.156,0.202,1.09,1.198,-1.846,3.045,0.289,-0.01
1986,264.51,8.28,7.31,9.19,50.58,1.654,-1.810,3.464,0.310,1.88,1.453,-1.819,3.272,0.259,3.03,1.295,-1.832,3.126,0.077,0.56,1.305,-1.851,3.156,0.202,1.09
1987,250.48,8.81,6.25,7.08,51.32,1.585,-1.762,3.347,-0.020,0.83,1.654,-1.810,3.464,0.310,1.88,1.453,-1.819,3.272,0.259,3.03,1.295,-1.832,3.126,0.077,0.56
1988,285.41,9.75,7.63,8.67,53.39,1.676,-1.700,3.377,0.178,1.04,1.585,-1.762,3.347,-0.020,0.83,1.654,-1.810,3.464,0.310,1.88,1.453,-1.819,3.272,0.259,3.03
1989,339.97,11.06,9.29,9.09,55.89,1.806,-1.620,3.426,0.230,-0.20,1.676,-1.700,3.377,0.178,1.04,1.585,-1.762,3.347,-0.020,0.83,1.654,-1.810,3.464,0.310,1.88
1990,325.50,12.09,8.43,8.21,58.79,1.711,-1.582,3.293,-0.007,-0.22,1.806,-1.620,3.426,0.230,-0.20,1.676,-1.700,3.377,0.178,1.04,1.585,-1.762,3.347,-0.020,0.83
1991,416.08,12.20,6.92,8.09,62.12,1.902,-1.628,3.529,0.316,1.17,1.711,-1.582,3.293,-0.007,-0.22,1.806,-1.620,3.426,0.230,-0.20,1.676,-1.700,3.377,0.178,1.04
1992,435.23,12.39,3.91,7.03,63.73,1.921,-1.638,3.559,0.076,3.12,1.902,-1.628,3.529,0.316,1.17,1.711,-1.582,3.293,-0.007,-0.22,1.806,-1.620,3.426,0.230,-0.20
1993,472.99,12.58,3.44,6.60,65.81,1.972,-1.655,3.627,0.116,3.16,1.921,-1.638,3.559,0.076,3.12,1.902,-1.628,3.529,0.316,1.17,1.711,-1.582,3.293,-0.007,-0.22
1994,465.25,13.17,4.35,5.75,67.47,1.931,-1.634,3.565,0.011,1.40,1.972,-1.655,3.627,0.116,3.16,1.921,-1.638,3.559,0.076,3.12,1.902,-1.628,3.529,0.316,1.17
1995,614.42,13.79,6.45,7.78,69.36,2.181,-1.615,3.797,0.350,1.33,1.931,-1.634,3.565,0.011,1.40,1.972,-1.655,3.627,0.116,3.16,1.921,-1.638,3.559,0.076,3.12
1996,766.22,14.90,5.68,5.65,71.25,2.375,-1.565,3.940,0.271,-0.03,2.181,-1.615,3.797,0.350,1.33,1.931,-1.634,3.565,0.011,1.40,1.972,-1.655,3.627,0.116,3.16
1997,963.36,15.50,5.78,6.58,73.42,2.574,-1.555,4.130,0.278,0.80,2.375,-1.565,3.940,0.271,-0.03,2.181,-1.615,3.797,0.350,1.33,1.931,-1.634,3.565,0.011,1.40
1998,1248.77,16.20,5.68,5.54,74.58,2.818,-1.527,4.345,0.313,-0.14,2.574,-1.555,4.130,0.278,0.80,2.375,-1.565,3.940,0.271,-0.03,2.181,-1.615,3.797,0.350,1.33
1999,1425.59,16.69,5.31,4.72,75.82,2.934,-1.514,4.448,0.155,-0.59,2.818,-1.527,4.345,0.313,-0.14,2.574,-1.555,4.130,0.278,0.80,2.375,-1.565,3.940,0.271,-0.03
2000,1335.63,16.27,6.61,6.66,77.90,2.842,-1.566,4.408,-0.052,0.05,2.934,-1.514,4.448,0.155,-0.59,2.818,-1.527,4.345,0.313,-0.14,2.574,-1.555,4.130,0.278,0.80
2001,1140.21,15.74,4.63,5.16,80.81,2.647,-1.636,4.283,-0.135,0.53,2.842,-1.566,4.408,-0.052,0.05,2.934,-1.514,4.448,0.155,-0.59,2.818,-1.527,4.345,0.313,-0.14
2002,895.84,16.07,1.85,5.04,81.73,2.394,-1.626,4.021,-0.200,3.19,2.647,-1.636,4.283,-0.135,0.53,2.842,-1.566,4.408,-0.052,0.05,2.934,-1.514,4.448,0.155,-0.59
2003,1132.50,17.39,1.18,4.05,83.85,2.603,-1.573,4.176,0.284,2.87,2.394,-1.626,4.021,-0.200,3.19,2.647,-1.636,4.283,-0.135,0.53,2.842,-1.566,4.408,-0.052,0.05
2004,1181.40,19.44,1.49,4.15,85.47,2.626,-1.481,4.107,0.060,2.66,2.603,-1.573,4.176,0.284,2.87,2.394,-1.626,4.021,-0.200,3.19,2.647,-1.636,4.283,-0.135,0.53
2005,1278.73,22.22,3.41,4.22,88.01,2.676,-1.376,4.053,0.101,0.81,2.626,-1.481,4.107,0.060,2.66,2.603,-1.573,4.176,0.284,2.87,2.394,-1.626,4.021,-0.200,3.19
2006,1424.16,24.88,5.32,4.42,91.51,2.745,-1.302,4.047,0.133,-0.90,2.676,-1.376,4.053,0.101,0.81,2.626,-1.481,4.107,0.060,2.66,2.603,-1.573,4.176,0.284,2.87
2007,1378.76,27.73,5.34,4.76,93.41,2.692,-1.215,3.906,-0.012,-0.58,2.745,-1.302,4.047,0.133,-0.90,2.676,-1.376,4.053,0.101,0.81,2.626,-1.481,4.107,0.060,2.66
2008,865.58,28.39,3.42,3.74,97.46,2.184,-1.233,3.417,-0.352,0.32,2.692,-1.215,3.906,-0.012,-0.58,2.745,-1.302,4.047,0.133,-0.90,2.676,-1.376,4.053,0.101,0.81
2009,1123.58,22.41,1.02,2.52,97.44,2.445,-1.470,3.915,0.324,1.50,2.184,-1.233,3.417,-0.352,0.32,2.692,-1.215,3.906,-0.012,-0.58,2.745,-1.302,4.047,0.133,-0.90
2010,1282.62,22.73,0.45,3.73,100.00,2.551,-1.481,4.033,0.162,3.28,2.445,-1.470,3.915,0.324,1.50,2.184,-1.233,3.417,-0.352,0.32,2.692,-1.215,3.906,-0.012,-0.58
2011,1300.58,26.43,0.29,3.39,101.63,2.549,-1.347,3.896,0.035,3.10,2.551,-1.481,4.033,0.162,3.28,2.445,-1.470,3.915,0.324,1.50,2.184,-1.233,3.417,-0.352,0.32
2012,1480.40,31.25,0.12,1.97,104.60,2.650,-1.208,3.858,0.162,1.85,2.549,-1.347,3.896,0.035,3.10,2.551,-1.481,4.033,0.162,3.28,2.445,-1.470,3.915,0.324,1.50
2013,1822.36,34.99,0.15,1.91,106.27,2.842,-1.111,3.953,0.255,1.76,2.650,-1.208,3.858,0.162,1.85,2.549,-1.347,3.896,0.035,3.10,2.551,-1.481,4.033,0.162,3.28
2014,2028.18,39.44,0.13,2.86,107.95,2.933,-1.007,3.940,0.135,2.73,2.842,-1.111,3.953,0.255,1.76,2.650,-1.208,3.858,0.162,1.85,2.549,-1.347,3.896,0.035,3.10
2015,1918.60,43.39,0.25,1.88,107.85,2.879,-0.911,3.789,-0.033,1.63,2.933,-1.007,3.940,0.135,2.73,2.842,-1.111,3.953,0.255,1.76,2.650,-1.208,3.858,0.162,1.85
